uf,uf_codigo,ano,populacao,fonte,metodo
RO,11,2015,1698263,IBGE SIDRA tabela 7358 Projecao da Populacao edicao 2018,projecao_oficial_ibge
RO,11,2016,1717911,IBGE SIDRA tabela 7358 Projecao da Populacao edicao 2018,projecao_oficial_ibge
RO,11,2017,1737578,IBGE SIDRA tabela 7358 Projecao da Populacao edicao 2018,projecao_oficial_ibge
RO,11,2018,1757589,IBGE SIDRA tabela 7358 Projecao da Populacao edicao 2018,projecao_oficial_ibge
RO,11,2019,1777225,IBGE SIDRA tabela 7358 Projecao da Populacao edicao 2018,projecao_oficial_ibge
RO,11,2020,1796460,IBGE SIDRA tabela 7358 Projecao da Populacao edicao 2018,projecao_oficial_ibge
RO,11,2021,1815278,IBGE SIDRA tabela 7358 Projecao da Populacao edicao 2018,projecao_oficial_ibge
RO,11,2022,1833642,IBGE SIDRA tabela 7358 Projecao da Populacao edicao 2018,projecao_oficial_ibge
RO,11,2023,1851491,IBGE SIDRA tabela 7358 Projecao da Populacao edicao 2018,projecao_oficial_ibge
RO,11,2024,1868787,IBGE SIDRA tabela 7358 Projecao da Populacao edicao 2018,projecao_oficial_ibge
RO,11,2025,1885507,IBGE SIDRA tabela 7358 Projecao da Populacao edicao 2018,projecao_oficial_ibge
RO,11,2026,1901627,IBGE SIDRA tabela 7358 Projecao da Populacao edicao 2018,projecao_oficial_ibge
AC,12,2015,831665,IBGE SIDRA tabela 7358 Projecao da Populacao edicao 2018,projecao_oficial_ibge
AC,12,2016,844137,IBGE SIDRA tabela 7358 Projecao da Populacao edicao 2018,projecao_oficial_ibge
AC,12,2017,856457,IBGE SIDRA tabela 7358 Projecao da Populacao edicao 2018,projecao_oficial_ibge
AC,12,2018,869265,IBGE SIDRA tabela 7358 Projecao da Populacao edicao 2018,projecao_oficial_ibge
AC,12,2019,881935,IBGE SIDRA tabela 7358 Projecao da Populacao edicao 2018,projecao_oficial_ibge
AC,12,2020,894470,IBGE SIDRA tabela 7358 Projecao da Populacao edicao 2018,projecao_oficial_ibge
AC,12,2021,906876,IBGE SIDRA tabela 7358 Projecao da Populacao edicao 2018,projecao_oficial_ibge
AC,12,2022,919145,IBGE SIDRA tabela 7358 Projecao da Populacao edicao 2018,projecao_oficial_ibge
AC,12,2023,931268,IBGE SIDRA tabela 7358 Projecao da Populacao edicao 2018,projecao_oficial_ibge
AC,12,2024,943235,IBGE SIDRA tabela 7358 Projecao da Populacao edicao 2018,projecao_oficial_ibge
AC,12,2025,955012,IBGE SIDRA tabela 7358 Projecao da Populacao edicao 2018,projecao_oficial_ibge
AC,12,2026,966579,IBGE SIDRA tabela 7358 Projecao da Populacao edicao 2018,projecao_oficial_ibge
AM,13,2015,3887740,IBGE SIDRA tabela 7358 Projecao da Populacao edicao 2018,projecao_oficial_ibge
AM,13,2016,3952171,IBGE SIDRA tabela 7358 Projecao da Populacao edicao 2018,projecao_oficial_ibge
AM,13,2017,4015812,IBGE SIDRA tabela 7358 Projecao da Populacao edicao 2018,projecao_oficial_ibge
AM,13,2018,4080611,IBGE SIDRA tabela 7358 Projecao da Populacao edicao 2018,projecao_oficial_ibge
AM,13,2019,4144597,IBGE SIDRA tabela 7358 Projecao da Populacao edicao 2018,projecao_oficial_ibge
AM,13,2020,4207714,IBGE SIDRA tabela 7358 Projecao da Populacao edicao 2018,projecao_oficial_ibge
AM,13,2021,4269995,IBGE SIDRA tabela 7358 Projecao da Populacao edicao 2018,projecao_oficial_ibge
AM,13,2022,4331430,IBGE SIDRA tabela 7358 Projecao da Populacao edicao 2018,projecao_oficial_ibge
AM,13,2023,4391960,IBGE SIDRA tabela 7358 Projecao da Populacao edicao 2018,projecao_oficial_ibge
AM,13,2024,4451551,IBGE SIDRA tabela 7358 Projecao da Populacao edicao 2018,projecao_oficial_ibge
AM,13,2025,4510151,IBGE SIDRA tabela 7358 Projecao da Populacao edicao 2018,projecao_oficial_ibge
AM,13,2026,4567703,IBGE SIDRA tabela 7358 Projecao da Populacao edicao 2018,projecao_oficial_ibge
RR,14,2015,513328,IBGE SIDRA tabela 7358 Projecao da Populacao edicao 2018,projecao_oficial_ibge
RR,14,2016,525967,IBGE SIDRA tabela 7358 Projecao da Populacao edicao 2018,projecao_oficial_ibge
RR,14,2017,546885,IBGE SIDRA tabela 7358 Projecao da Populacao edicao 2018,projecao_oficial_ibge
RR,14,2018,576568,IBGE SIDRA tabela 7358 Projecao da Populacao edicao 2018,projecao_oficial_ibge
RR,14,2019,605761,IBGE SIDRA tabela 7358 Projecao da Populacao edicao 2018,projecao_oficial_ibge
RR,14,2020,631181,IBGE SIDRA tabela 7358 Projecao da Populacao edicao 2018,projecao_oficial_ibge
RR,14,2021,652713,IBGE SIDRA tabela 7358 Projecao da Populacao edicao 2018,projecao_oficial_ibge
RR,14,2022,670267,IBGE SIDRA tabela 7358 Projecao da Populacao edicao 2018,projecao_oficial_ibge
RR,14,2023,683769,IBGE SIDRA tabela 7358 Projecao da Populacao edicao 2018,projecao_oficial_ibge
RR,14,2024,695116,IBGE SIDRA tabela 7358 Projecao da Populacao edicao 2018,projecao_oficial_ibge
RR,14,2025,706235,IBGE SIDRA tabela 7358 Projecao da Populacao edicao 2018,projecao_oficial_ibge
RR,14,2026,717117,IBGE SIDRA tabela 7358 Projecao da Populacao edicao 2018,projecao_oficial_ibge
PA,15,2015,8244575,IBGE SIDRA tabela 7358 Projecao da Populacao edicao 2018,projecao_oficial_ibge
PA,15,2016,8334346,IBGE SIDRA tabela 7358 Projecao da Populacao edicao 2018,projecao_oficial_ibge
PA,15,2017,8422634,IBGE SIDRA tabela 7358 Projecao da Populacao edicao 2018,projecao_oficial_ibge
PA,15,2018,8513497,IBGE SIDRA tabela 7358 Projecao da Populacao edicao 2018,projecao_oficial_ibge
PA,15,2019,8602865,IBGE SIDRA tabela 7358 Projecao da Populacao edicao 2018,projecao_oficial_ibge
PA,15,2020,8690745,IBGE SIDRA tabela 7358 Projecao da Populacao edicao 2018,projecao_oficial_ibge
PA,15,2021,8777124,IBGE SIDRA tabela 7358 Projecao da Populacao edicao 2018,projecao_oficial_ibge
PA,15,2022,8861974,IBGE SIDRA tabela 7358 Projecao da Populacao edicao 2018,projecao_oficial_ibge
PA,15,2023,8945219,IBGE SIDRA tabela 7358 Projecao da Populacao edicao 2018,projecao_oficial_ibge
PA,15,2024,9026771,IBGE SIDRA tabela 7358 Projecao da Populacao edicao 2018,projecao_oficial_ibge
PA,15,2025,9106465,IBGE SIDRA tabela 7358 Projecao da Populacao edicao 2018,projecao_oficial_ibge
PA,15,2026,9184171,IBGE SIDRA tabela 7358 Projecao da Populacao edicao 2018,projecao_oficial_ibge
AP,16,2015,779416,IBGE SIDRA tabela 7358 Projecao da Populacao edicao 2018,projecao_oficial_ibge
AP,16,2016,796419,IBGE SIDRA tabela 7358 Projecao da Populacao edicao 2018,projecao_oficial_ibge
AP,16,2017,813084,IBGE SIDRA tabela 7358 Projecao da Populacao edicao 2018,projecao_oficial_ibge
AP,16,2018,829494,IBGE SIDRA tabela 7358 Projecao da Populacao edicao 2018,projecao_oficial_ibge
AP,16,2019,845731,IBGE SIDRA tabela 7358 Projecao da Populacao edicao 2018,projecao_oficial_ibge
AP,16,2020,861773,IBGE SIDRA tabela 7358 Projecao da Populacao edicao 2018,projecao_oficial_ibge
AP,16,2021,877613,IBGE SIDRA tabela 7358 Projecao da Populacao edicao 2018,projecao_oficial_ibge
AP,16,2022,893253,IBGE SIDRA tabela 7358 Projecao da Populacao edicao 2018,projecao_oficial_ibge
AP,16,2023,908689,IBGE SIDRA tabela 7358 Projecao da Populacao edicao 2018,projecao_oficial_ibge
AP,16,2024,923930,IBGE SIDRA tabela 7358 Projecao da Populacao edicao 2018,projecao_oficial_ibge
AP,16,2025,938973,IBGE SIDRA tabela 7358 Projecao da Populacao edicao 2018,projecao_oficial_ibge
AP,16,2026,953802,IBGE SIDRA tabela 7358 Projecao da Populacao edicao 2018,projecao_oficial_ibge
TO,17,2015,1503482,IBGE SIDRA tabela 7358 Projecao da Populacao edicao 2018,projecao_oficial_ibge
TO,17,2016,1520448,IBGE SIDRA tabela 7358 Projecao da Populacao edicao 2018,projecao_oficial_ibge
TO,17,2017,1537350,IBGE SIDRA tabela 7358 Projecao da Populacao edicao 2018,projecao_oficial_ibge
TO,17,2018,1555229,IBGE SIDRA tabela 7358 Projecao da Populacao edicao 2018,projecao_oficial_ibge
TO,17,2019,1572866,IBGE SIDRA tabela 7358 Projecao da Populacao edicao 2018,projecao_oficial_ibge
TO,17,2020,1590248,IBGE SIDRA tabela 7358 Projecao da Populacao edicao 2018,projecao_oficial_ibge
TO,17,2021,1607363,IBGE SIDRA tabela 7358 Projecao da Populacao edicao 2018,projecao_oficial_ibge
TO,17,2022,1624183,IBGE SIDRA tabela 7358 Projecao da Populacao edicao 2018,projecao_oficial_ibge
TO,17,2023,1640666,IBGE SIDRA tabela 7358 Projecao da Populacao edicao 2018,projecao_oficial_ibge
TO,17,2024,1656791,IBGE SIDRA tabela 7358 Projecao da Populacao edicao 2018,projecao_oficial_ibge
TO,17,2025,1672538,IBGE SIDRA tabela 7358 Projecao da Populacao edicao 2018,projecao_oficial_ibge
TO,17,2026,1687892,IBGE SIDRA tabela 7358 Projecao da Populacao edicao 2018,projecao_oficial_ibge
MA,21,2015,6916244,IBGE SIDRA tabela 7358 Projecao da Populacao edicao 2018,projecao_oficial_ibge
MA,21,2016,6955099,IBGE SIDRA tabela 7358 Projecao da Populacao edicao 2018,projecao_oficial_ibge
MA,21,2017,6994148,IBGE SIDRA tabela 7358 Projecao da Populacao edicao 2018,projecao_oficial_ibge
MA,21,2018,7035055,IBGE SIDRA tabela 7358 Projecao da Populacao edicao 2018,projecao_oficial_ibge
MA,21,2019,7075181,IBGE SIDRA tabela 7358 Projecao da Populacao edicao 2018,projecao_oficial_ibge
MA,21,2020,7114598,IBGE SIDRA tabela 7358 Projecao da Populacao edicao 2018,projecao_oficial_ibge
MA,21,2021,7153262,IBGE SIDRA tabela 7358 Projecao da Populacao edicao 2018,projecao_oficial_ibge
MA,21,2022,7191041,IBGE SIDRA tabela 7358 Projecao da Populacao edicao 2018,projecao_oficial_ibge
MA,21,2023,7227850,IBGE SIDRA tabela 7358 Projecao da Populacao edicao 2018,projecao_oficial_ibge
MA,21,2024,7263617,IBGE SIDRA tabela 7358 Projecao da Populacao edicao 2018,projecao_oficial_ibge
MA,21,2025,7298196,IBGE SIDRA tabela 7358 Projecao da Populacao edicao 2018,projecao_oficial_ibge
MA,21,2026,7331577,IBGE SIDRA tabela 7358 Projecao da Populacao edicao 2018,projecao_oficial_ibge
PI,22,2015,3237691,IBGE SIDRA tabela 7358 Projecao da Populacao edicao 2018,projecao_oficial_ibge
PI,22,2016,3246228,IBGE SIDRA tabela 7358 Projecao da Populacao edicao 2018,projecao_oficial_ibge
PI,22,2017,3254626,IBGE SIDRA tabela 7358 Projecao da Populacao edicao 2018,projecao_oficial_ibge
PI,22,2018,3263754,IBGE SIDRA tabela 7358 Projecao da Populacao edicao 2018,projecao_oficial_ibge
PI,22,2019,3272447,IBGE SIDRA tabela 7358 Projecao da Populacao edicao 2018,projecao_oficial_ibge
PI,22,2020,3280697,IBGE SIDRA tabela 7358 Projecao da Populacao edicao 2018,projecao_oficial_ibge
PI,22,2021,3288504,IBGE SIDRA tabela 7358 Projecao da Populacao edicao 2018,projecao_oficial_ibge
PI,22,2022,3295812,IBGE SIDRA tabela 7358 Projecao da Populacao edicao 2018,projecao_oficial_ibge
PI,22,2023,3302519,IBGE SIDRA tabela 7358 Projecao da Populacao edicao 2018,projecao_oficial_ibge
PI,22,2024,3308547,IBGE SIDRA tabela 7358 Projecao da Populacao edicao 2018,projecao_oficial_ibge
PI,22,2025,3313867,IBGE SIDRA tabela 7358 Projecao da Populacao edicao 2018,projecao_oficial_ibge
PI,22,2026,3318480,IBGE SIDRA tabela 7358 Projecao da Populacao edicao 2018,projecao_oficial_ibge
CE,23,2015,8905267,IBGE SIDRA tabela 7358 Projecao da Populacao edicao 2018,projecao_oficial_ibge
CE,23,2016,8962834,IBGE SIDRA tabela 7358 Projecao da Populacao edicao 2018,projecao_oficial_ibge
CE,23,2017,9018764,IBGE SIDRA tabela 7358 Projecao da Populacao edicao 2018,projecao_oficial_ibge
CE,23,2018,9076426,IBGE SIDRA tabela 7358 Projecao da Populacao edicao 2018,projecao_oficial_ibge
CE,23,2019,9132858,IBGE SIDRA tabela 7358 Projecao da Populacao edicao 2018,projecao_oficial_ibge
CE,23,2020,9187886,IBGE SIDRA tabela 7358 Projecao da Populacao edicao 2018,projecao_oficial_ibge
CE,23,2021,9241366,IBGE SIDRA tabela 7358 Projecao da Populacao edicao 2018,projecao_oficial_ibge
CE,23,2022,9293112,IBGE SIDRA tabela 7358 Projecao da Populacao edicao 2018,projecao_oficial_ibge
CE,23,2023,9342908,IBGE SIDRA tabela 7358 Projecao da Populacao edicao 2018,projecao_oficial_ibge
CE,23,2024,9390560,IBGE SIDRA tabela 7358 Projecao da Populacao edicao 2018,projecao_oficial_ibge
CE,23,2025,9435907,IBGE SIDRA tabela 7358 Projecao da Populacao edicao 2018,projecao_oficial_ibge
CE,23,2026,9478838,IBGE SIDRA tabela 7358 Projecao da Populacao edicao 2018,projecao_oficial_ibge
RN,24,2015,3393814,IBGE SIDRA tabela 7358 Projecao da Populacao edicao 2018,projecao_oficial_ibge
RN,24,2016,3422843,IBGE SIDRA tabela 7358 Projecao da Populacao edicao 2018,projecao_oficial_ibge
RN,24,2017,3450669,IBGE SIDRA tabela 7358 Projecao da Populacao edicao 2018,projecao_oficial_ibge
RN,24,2018,3479010,IBGE SIDRA tabela 7358 Projecao da Populacao edicao 2018,projecao_oficial_ibge
RN,24,2019,3506853,IBGE SIDRA tabela 7358 Projecao da Populacao edicao 2018,projecao_oficial_ibge
RN,24,2020,3534165,IBGE SIDRA tabela 7358 Projecao da Populacao edicao 2018,projecao_oficial_ibge
RN,24,2021,3560903,IBGE SIDRA tabela 7358 Projecao da Populacao edicao 2018,projecao_oficial_ibge
RN,24,2022,3586972,IBGE SIDRA tabela 7358 Projecao da Populacao edicao 2018,projecao_oficial_ibge
RN,24,2023,3612280,IBGE SIDRA tabela 7358 Projecao da Populacao edicao 2018,projecao_oficial_ibge
RN,24,2024,3636783,IBGE SIDRA tabela 7358 Projecao da Populacao edicao 2018,projecao_oficial_ibge
RN,24,2025,3660428,IBGE SIDRA tabela 7358 Projecao da Populacao edicao 2018,projecao_oficial_ibge
RN,24,2026,3683162,IBGE SIDRA tabela 7358 Projecao da Populacao edicao 2018,projecao_oficial_ibge
PB,25,2015,3932537,IBGE SIDRA tabela 7358 Projecao da Populacao edicao 2018,projecao_oficial_ibge
PB,25,2016,3953693,IBGE SIDRA tabela 7358 Projecao da Populacao edicao 2018,projecao_oficial_ibge
PB,25,2017,3974437,IBGE SIDRA tabela 7358 Projecao da Populacao edicao 2018,projecao_oficial_ibge
PB,25,2018,3996496,IBGE SIDRA tabela 7358 Projecao da Populacao edicao 2018,projecao_oficial_ibge
PB,25,2019,4018127,IBGE SIDRA tabela 7358 Projecao da Populacao edicao 2018,projecao_oficial_ibge
PB,25,2020,4039277,IBGE SIDRA tabela 7358 Projecao da Populacao edicao 2018,projecao_oficial_ibge
PB,25,2021,4059905,IBGE SIDRA tabela 7358 Projecao da Populacao edicao 2018,projecao_oficial_ibge
PB,25,2022,4079917,IBGE SIDRA tabela 7358 Projecao da Populacao edicao 2018,projecao_oficial_ibge
PB,25,2023,4099203,IBGE SIDRA tabela 7358 Projecao da Populacao edicao 2018,projecao_oficial_ibge
PB,25,2024,4117682,IBGE SIDRA tabela 7358 Projecao da Populacao edicao 2018,projecao_oficial_ibge
PB,25,2025,4135286,IBGE SIDRA tabela 7358 Projecao da Populacao edicao 2018,projecao_oficial_ibge
PB,25,2026,4151945,IBGE SIDRA tabela 7358 Projecao da Populacao edicao 2018,projecao_oficial_ibge
PE,26,2015,9317744,IBGE SIDRA tabela 7358 Projecao da Populacao edicao 2018,projecao_oficial_ibge
PE,26,2016,9377368,IBGE SIDRA tabela 7358 Projecao da Populacao edicao 2018,projecao_oficial_ibge
PE,26,2017,9434839,IBGE SIDRA tabela 7358 Projecao da Populacao edicao 2018,projecao_oficial_ibge
PE,26,2018,9496735,IBGE SIDRA tabela 7358 Projecao da Populacao edicao 2018,projecao_oficial_ibge
PE,26,2019,9557517,IBGE SIDRA tabela 7358 Projecao da Populacao edicao 2018,projecao_oficial_ibge
PE,26,2020,9617072,IBGE SIDRA tabela 7358 Projecao da Populacao edicao 2018,projecao_oficial_ibge
PE,26,2021,9675249,IBGE SIDRA tabela 7358 Projecao da Populacao edicao 2018,projecao_oficial_ibge
PE,26,2022,9731843,IBGE SIDRA tabela 7358 Projecao da Populacao edicao 2018,projecao_oficial_ibge
PE,26,2023,9786666,IBGE SIDRA tabela 7358 Projecao da Populacao edicao 2018,projecao_oficial_ibge
PE,26,2024,9839619,IBGE SIDRA tabela 7358 Projecao da Populacao edicao 2018,projecao_oficial_ibge
PE,26,2025,9890556,IBGE SIDRA tabela 7358 Projecao da Populacao edicao 2018,projecao_oficial_ibge
PE,26,2026,9939342,IBGE SIDRA tabela 7358 Projecao da Populacao edicao 2018,projecao_oficial_ibge
AL,27,2015,3279222,IBGE SIDRA tabela 7358 Projecao da Populacao edicao 2018,projecao_oficial_ibge
AL,27,2016,3293629,IBGE SIDRA tabela 7358 Projecao da Populacao edicao 2018,projecao_oficial_ibge
AL,27,2017,3307532,IBGE SIDRA tabela 7358 Projecao da Populacao edicao 2018,projecao_oficial_ibge
AL,27,2018,3322379,IBGE SIDRA tabela 7358 Projecao da Populacao edicao 2018,projecao_oficial_ibge
AL,27,2019,3336911,IBGE SIDRA tabela 7358 Projecao da Populacao edicao 2018,projecao_oficial_ibge
AL,27,2020,3351092,IBGE SIDRA tabela 7358 Projecao da Populacao edicao 2018,projecao_oficial_ibge
AL,27,2021,3364895,IBGE SIDRA tabela 7358 Projecao da Populacao edicao 2018,projecao_oficial_ibge
AL,27,2022,3378277,IBGE SIDRA tabela 7358 Projecao da Populacao edicao 2018,projecao_oficial_ibge
AL,27,2023,3391204,IBGE SIDRA tabela 7358 Projecao da Populacao edicao 2018,projecao_oficial_ibge
AL,27,2024,3403637,IBGE SIDRA tabela 7358 Projecao da Populacao edicao 2018,projecao_oficial_ibge
AL,27,2025,3415514,IBGE SIDRA tabela 7358 Projecao da Populacao edicao 2018,projecao_oficial_ibge
AL,27,2026,3426799,IBGE SIDRA tabela 7358 Projecao da Populacao edicao 2018,projecao_oficial_ibge
SE,28,2015,2216657,IBGE SIDRA tabela 7358 Projecao da Populacao edicao 2018,projecao_oficial_ibge
SE,28,2016,2237132,IBGE SIDRA tabela 7358 Projecao da Populacao edicao 2018,projecao_oficial_ibge
SE,28,2017,2257266,IBGE SIDRA tabela 7358 Projecao da Populacao edicao 2018,projecao_oficial_ibge
SE,28,2018,2278308,IBGE SIDRA tabela 7358 Projecao da Populacao edicao 2018,projecao_oficial_ibge
SE,28,2019,2298902,IBGE SIDRA tabela 7358 Projecao da Populacao edicao 2018,projecao_oficial_ibge
SE,28,2020,2319032,IBGE SIDRA tabela 7358 Projecao da Populacao edicao 2018,projecao_oficial_ibge
SE,28,2021,2338688,IBGE SIDRA tabela 7358 Projecao da Populacao edicao 2018,projecao_oficial_ibge
SE,28,2022,2357840,IBGE SIDRA tabela 7358 Projecao da Populacao edicao 2018,projecao_oficial_ibge
SE,28,2023,2376447,IBGE SIDRA tabela 7358 Projecao da Populacao edicao 2018,projecao_oficial_ibge
SE,28,2024,2394484,IBGE SIDRA tabela 7358 Projecao da Populacao edicao 2018,projecao_oficial_ibge
SE,28,2025,2411922,IBGE SIDRA tabela 7358 Projecao da Populacao edicao 2018,projecao_oficial_ibge
SE,28,2026,2428742,IBGE SIDRA tabela 7358 Projecao da Populacao edicao 2018,projecao_oficial_ibge
BA,29,2015,14629018,IBGE SIDRA tabela 7358 Projecao da Populacao edicao 2018,projecao_oficial_ibge
BA,29,2016,14689684,IBGE SIDRA tabela 7358 Projecao da Populacao edicao 2018,projecao_oficial_ibge
BA,29,2017,14749868,IBGE SIDRA tabela 7358 Projecao da Populacao edicao 2018,projecao_oficial_ibge
BA,29,2018,14812617,IBGE SIDRA tabela 7358 Projecao da Populacao edicao 2018,projecao_oficial_ibge
BA,29,2019,14872858,IBGE SIDRA tabela 7358 Projecao da Populacao edicao 2018,projecao_oficial_ibge
BA,29,2020,14930424,IBGE SIDRA tabela 7358 Projecao da Populacao edicao 2018,projecao_oficial_ibge
BA,29,2021,14985070,IBGE SIDRA tabela 7358 Projecao da Populacao edicao 2018,projecao_oficial_ibge
BA,29,2022,15036517,IBGE SIDRA tabela 7358 Projecao da Populacao edicao 2018,projecao_oficial_ibge
BA,29,2023,15084600,IBGE SIDRA tabela 7358 Projecao da Populacao edicao 2018,projecao_oficial_ibge
BA,29,2024,15129225,IBGE SIDRA tabela 7358 Projecao da Populacao edicao 2018,projecao_oficial_ibge
BA,29,2025,15170253,IBGE SIDRA tabela 7358 Projecao da Populacao edicao 2018,projecao_oficial_ibge
BA,29,2026,15207525,IBGE SIDRA tabela 7358 Projecao da Populacao edicao 2018,projecao_oficial_ibge
MG,31,2015,20648978,IBGE SIDRA tabela 7358 Projecao da Populacao edicao 2018,projecao_oficial_ibge
MG,31,2016,20780264,IBGE SIDRA tabela 7358 Projecao da Populacao edicao 2018,projecao_oficial_ibge
MG,31,2017,20908628,IBGE SIDRA tabela 7358 Projecao da Populacao edicao 2018,projecao_oficial_ibge
MG,31,2018,21040662,IBGE SIDRA tabela 7358 Projecao da Populacao edicao 2018,projecao_oficial_ibge
MG,31,2019,21168791,IBGE SIDRA tabela 7358 Projecao da Populacao edicao 2018,projecao_oficial_ibge
MG,31,2020,21292666,IBGE SIDRA tabela 7358 Projecao da Populacao edicao 2018,projecao_oficial_ibge
MG,31,2021,21411923,IBGE SIDRA tabela 7358 Projecao da Populacao edicao 2018,projecao_oficial_ibge
MG,31,2022,21526076,IBGE SIDRA tabela 7358 Projecao da Populacao edicao 2018,projecao_oficial_ibge
MG,31,2023,21634690,IBGE SIDRA tabela 7358 Projecao da Populacao edicao 2018,projecao_oficial_ibge
MG,31,2024,21737475,IBGE SIDRA tabela 7358 Projecao da Populacao edicao 2018,projecao_oficial_ibge
MG,31,2025,21834171,IBGE SIDRA tabela 7358 Projecao da Populacao edicao 2018,projecao_oficial_ibge
MG,31,2026,21924590,IBGE SIDRA tabela 7358 Projecao da Populacao edicao 2018,projecao_oficial_ibge
ES,32,2015,3832826,IBGE SIDRA tabela 7358 Projecao da Populacao edicao 2018,projecao_oficial_ibge
ES,32,2016,3879376,IBGE SIDRA tabela 7358 Projecao da Populacao edicao 2018,projecao_oficial_ibge
ES,32,2017,3925341,IBGE SIDRA tabela 7358 Projecao da Populacao edicao 2018,projecao_oficial_ibge
ES,32,2018,3972388,IBGE SIDRA tabela 7358 Projecao da Populacao edicao 2018,projecao_oficial_ibge
ES,32,2019,4018650,IBGE SIDRA tabela 7358 Projecao da Populacao edicao 2018,projecao_oficial_ibge
ES,32,2020,4064052,IBGE SIDRA tabela 7358 Projecao da Populacao edicao 2018,projecao_oficial_ibge
ES,32,2021,4108508,IBGE SIDRA tabela 7358 Projecao da Populacao edicao 2018,projecao_oficial_ibge
ES,32,2022,4151923,IBGE SIDRA tabela 7358 Projecao da Populacao edicao 2018,projecao_oficial_ibge
ES,32,2023,4194227,IBGE SIDRA tabela 7358 Projecao da Populacao edicao 2018,projecao_oficial_ibge
ES,32,2024,4235381,IBGE SIDRA tabela 7358 Projecao da Populacao edicao 2018,projecao_oficial_ibge
ES,32,2025,4275342,IBGE SIDRA tabela 7358 Projecao da Populacao edicao 2018,projecao_oficial_ibge
ES,32,2026,4314082,IBGE SIDRA tabela 7358 Projecao da Populacao edicao 2018,projecao_oficial_ibge
RJ,33,2015,16841138,IBGE SIDRA tabela 7358 Projecao da Populacao edicao 2018,projecao_oficial_ibge
RJ,33,2016,16947738,IBGE SIDRA tabela 7358 Projecao da Populacao edicao 2018,projecao_oficial_ibge
RJ,33,2017,17051465,IBGE SIDRA tabela 7358 Projecao da Populacao edicao 2018,projecao_oficial_ibge
RJ,33,2018,17159960,IBGE SIDRA tabela 7358 Projecao da Populacao edicao 2018,projecao_oficial_ibge
RJ,33,2019,17264943,IBGE SIDRA tabela 7358 Projecao da Populacao edicao 2018,projecao_oficial_ibge
RJ,33,2020,17366189,IBGE SIDRA tabela 7358 Projecao da Populacao edicao 2018,projecao_oficial_ibge
RJ,33,2021,17463349,IBGE SIDRA tabela 7358 Projecao da Populacao edicao 2018,projecao_oficial_ibge
RJ,33,2022,17556065,IBGE SIDRA tabela 7358 Projecao da Populacao edicao 2018,projecao_oficial_ibge
RJ,33,2023,17644073,IBGE SIDRA tabela 7358 Projecao da Populacao edicao 2018,projecao_oficial_ibge
RJ,33,2024,17727277,IBGE SIDRA tabela 7358 Projecao da Populacao edicao 2018,projecao_oficial_ibge
RJ,33,2025,17805632,IBGE SIDRA tabela 7358 Projecao da Populacao edicao 2018,projecao_oficial_ibge
RJ,33,2026,17879062,IBGE SIDRA tabela 7358 Projecao da Populacao edicao 2018,projecao_oficial_ibge
SP,35,2015,44356304,IBGE SIDRA tabela 7358 Projecao da Populacao edicao 2018,projecao_oficial_ibge
SP,35,2016,44760305,IBGE SIDRA tabela 7358 Projecao da Populacao edicao 2018,projecao_oficial_ibge
SP,35,2017,45149603,IBGE SIDRA tabela 7358 Projecao da Populacao edicao 2018,projecao_oficial_ibge
SP,35,2018,45538936,IBGE SIDRA tabela 7358 Projecao da Populacao edicao 2018,projecao_oficial_ibge
SP,35,2019,45919049,IBGE SIDRA tabela 7358 Projecao da Populacao edicao 2018,projecao_oficial_ibge
SP,35,2020,46289333,IBGE SIDRA tabela 7358 Projecao da Populacao edicao 2018,projecao_oficial_ibge
SP,35,2021,46649132,IBGE SIDRA tabela 7358 Projecao da Populacao edicao 2018,projecao_oficial_ibge
SP,35,2022,46997428,IBGE SIDRA tabela 7358 Projecao da Populacao edicao 2018,projecao_oficial_ibge
SP,35,2023,47333288,IBGE SIDRA tabela 7358 Projecao da Populacao edicao 2018,projecao_oficial_ibge
SP,35,2024,47656295,IBGE SIDRA tabela 7358 Projecao da Populacao edicao 2018,projecao_oficial_ibge
SP,35,2025,47966292,IBGE SIDRA tabela 7358 Projecao da Populacao edicao 2018,projecao_oficial_ibge
SP,35,2026,48263115,IBGE SIDRA tabela 7358 Projecao da Populacao edicao 2018,projecao_oficial_ibge
PR,41,2015,11089062,IBGE SIDRA tabela 7358 Projecao da Populacao edicao 2018,projecao_oficial_ibge
PR,41,2016,11176203,IBGE SIDRA tabela 7358 Projecao da Populacao edicao 2018,projecao_oficial_ibge
PR,41,2017,11261927,IBGE SIDRA tabela 7358 Projecao da Populacao edicao 2018,projecao_oficial_ibge
PR,41,2018,11348937,IBGE SIDRA tabela 7358 Projecao da Populacao edicao 2018,projecao_oficial_ibge
PR,41,2019,11433957,IBGE SIDRA tabela 7358 Projecao da Populacao edicao 2018,projecao_oficial_ibge
PR,41,2020,11516840,IBGE SIDRA tabela 7358 Projecao da Populacao edicao 2018,projecao_oficial_ibge
PR,41,2021,11597484,IBGE SIDRA tabela 7358 Projecao da Populacao edicao 2018,projecao_oficial_ibge
PR,41,2022,11675661,IBGE SIDRA tabela 7358 Projecao da Populacao edicao 2018,projecao_oficial_ibge
PR,41,2023,11751111,IBGE SIDRA tabela 7358 Projecao da Populacao edicao 2018,projecao_oficial_ibge
PR,41,2024,11823677,IBGE SIDRA tabela 7358 Projecao da Populacao edicao 2018,projecao_oficial_ibge
PR,41,2025,11893264,IBGE SIDRA tabela 7358 Projecao da Populacao edicao 2018,projecao_oficial_ibge
PR,41,2026,11959803,IBGE SIDRA tabela 7358 Projecao da Populacao edicao 2018,projecao_oficial_ibge
SC,42,2015,6802306,IBGE SIDRA tabela 7358 Projecao da Populacao edicao 2018,projecao_oficial_ibge
SC,42,2016,6894058,IBGE SIDRA tabela 7358 Projecao da Populacao edicao 2018,projecao_oficial_ibge
SC,42,2017,6984749,IBGE SIDRA tabela 7358 Projecao da Populacao edicao 2018,projecao_oficial_ibge
SC,42,2018,7075494,IBGE SIDRA tabela 7358 Projecao da Populacao edicao 2018,projecao_oficial_ibge
SC,42,2019,7164788,IBGE SIDRA tabela 7358 Projecao da Populacao edicao 2018,projecao_oficial_ibge
SC,42,2020,7252502,IBGE SIDRA tabela 7358 Projecao da Populacao edicao 2018,projecao_oficial_ibge
SC,42,2021,7338473,IBGE SIDRA tabela 7358 Projecao da Populacao edicao 2018,projecao_oficial_ibge
SC,42,2022,7422480,IBGE SIDRA tabela 7358 Projecao da Populacao edicao 2018,projecao_oficial_ibge
SC,42,2023,7504322,IBGE SIDRA tabela 7358 Projecao da Populacao edicao 2018,projecao_oficial_ibge
SC,42,2024,7583889,IBGE SIDRA tabela 7358 Projecao da Populacao edicao 2018,projecao_oficial_ibge
SC,42,2025,7661113,IBGE SIDRA tabela 7358 Projecao da Populacao edicao 2018,projecao_oficial_ibge
SC,42,2026,7735919,IBGE SIDRA tabela 7358 Projecao da Populacao edicao 2018,projecao_oficial_ibge
RS,43,2015,11175777,IBGE SIDRA tabela 7358 Projecao da Populacao edicao 2018,projecao_oficial_ibge
RS,43,2016,11229947,IBGE SIDRA tabela 7358 Projecao da Populacao edicao 2018,projecao_oficial_ibge
RS,43,2017,11280193,IBGE SIDRA tabela 7358 Projecao da Populacao edicao 2018,projecao_oficial_ibge
RS,43,2018,11329605,IBGE SIDRA tabela 7358 Projecao da Populacao edicao 2018,projecao_oficial_ibge
RS,43,2019,11377239,IBGE SIDRA tabela 7358 Projecao da Populacao edicao 2018,projecao_oficial_ibge
RS,43,2020,11422973,IBGE SIDRA tabela 7358 Projecao da Populacao edicao 2018,projecao_oficial_ibge
RS,43,2021,11466630,IBGE SIDRA tabela 7358 Projecao da Populacao edicao 2018,projecao_oficial_ibge
RS,43,2022,11507906,IBGE SIDRA tabela 7358 Projecao da Populacao edicao 2018,projecao_oficial_ibge
RS,43,2023,11546505,IBGE SIDRA tabela 7358 Projecao da Populacao edicao 2018,projecao_oficial_ibge
RS,43,2024,11582285,IBGE SIDRA tabela 7358 Projecao da Populacao edicao 2018,projecao_oficial_ibge
RS,43,2025,11615181,IBGE SIDRA tabela 7358 Projecao da Populacao edicao 2018,projecao_oficial_ibge
RS,43,2026,11645142,IBGE SIDRA tabela 7358 Projecao da Populacao edicao 2018,projecao_oficial_ibge
MS,50,2015,2653928,IBGE SIDRA tabela 7358 Projecao da Populacao edicao 2018,projecao_oficial_ibge
MS,50,2016,2685454,IBGE SIDRA tabela 7358 Projecao da Populacao edicao 2018,projecao_oficial_ibge
MS,50,2017,2716534,IBGE SIDRA tabela 7358 Projecao da Populacao edicao 2018,projecao_oficial_ibge
MS,50,2018,2748023,IBGE SIDRA tabela 7358 Projecao da Populacao edicao 2018,projecao_oficial_ibge
MS,50,2019,2778986,IBGE SIDRA tabela 7358 Projecao da Populacao edicao 2018,projecao_oficial_ibge
MS,50,2020,2809394,IBGE SIDRA tabela 7358 Projecao da Populacao edicao 2018,projecao_oficial_ibge
MS,50,2021,2839188,IBGE SIDRA tabela 7358 Projecao da Populacao edicao 2018,projecao_oficial_ibge
MS,50,2022,2868279,IBGE SIDRA tabela 7358 Projecao da Populacao edicao 2018,projecao_oficial_ibge
MS,50,2023,2896624,IBGE SIDRA tabela 7358 Projecao da Populacao edicao 2018,projecao_oficial_ibge
MS,50,2024,2924238,IBGE SIDRA tabela 7358 Projecao da Populacao edicao 2018,projecao_oficial_ibge
MS,50,2025,2951121,IBGE SIDRA tabela 7358 Projecao da Populacao edicao 2018,projecao_oficial_ibge
MS,50,2026,2977257,IBGE SIDRA tabela 7358 Projecao da Populacao edicao 2018,projecao_oficial_ibge
MT,51,2015,3314540,IBGE SIDRA tabela 7358 Projecao da Populacao edicao 2018,projecao_oficial_ibge
MT,51,2016,3356979,IBGE SIDRA tabela 7358 Projecao da Populacao edicao 2018,projecao_oficial_ibge
MT,51,2017,3398791,IBGE SIDRA tabela 7358 Projecao da Populacao edicao 2018,projecao_oficial_ibge
MT,51,2018,3441998,IBGE SIDRA tabela 7358 Projecao da Populacao edicao 2018,projecao_oficial_ibge
MT,51,2019,3484466,IBGE SIDRA tabela 7358 Projecao da Populacao edicao 2018,projecao_oficial_ibge
MT,51,2020,3526220,IBGE SIDRA tabela 7358 Projecao da Populacao edicao 2018,projecao_oficial_ibge
MT,51,2021,3567234,IBGE SIDRA tabela 7358 Projecao da Populacao edicao 2018,projecao_oficial_ibge
MT,51,2022,3607400,IBGE SIDRA tabela 7358 Projecao da Populacao edicao 2018,projecao_oficial_ibge
MT,51,2023,3646630,IBGE SIDRA tabela 7358 Projecao da Populacao edicao 2018,projecao_oficial_ibge
MT,51,2024,3684919,IBGE SIDRA tabela 7358 Projecao da Populacao edicao 2018,projecao_oficial_ibge
MT,51,2025,3722274,IBGE SIDRA tabela 7358 Projecao da Populacao edicao 2018,projecao_oficial_ibge
MT,51,2026,3758643,IBGE SIDRA tabela 7358 Projecao da Populacao edicao 2018,projecao_oficial_ibge
GO,52,2015,6625528,IBGE SIDRA tabela 7358 Projecao da Populacao edicao 2018,projecao_oficial_ibge
GO,52,2016,6726130,IBGE SIDRA tabela 7358 Projecao da Populacao edicao 2018,projecao_oficial_ibge
GO,52,2017,6824504,IBGE SIDRA tabela 7358 Projecao da Populacao edicao 2018,projecao_oficial_ibge
GO,52,2018,6923655,IBGE SIDRA tabela 7358 Projecao da Populacao edicao 2018,projecao_oficial_ibge
GO,52,2019,7020904,IBGE SIDRA tabela 7358 Projecao da Populacao edicao 2018,projecao_oficial_ibge
GO,52,2020,7116143,IBGE SIDRA tabela 7358 Projecao da Populacao edicao 2018,projecao_oficial_ibge
GO,52,2021,7209247,IBGE SIDRA tabela 7358 Projecao da Populacao edicao 2018,projecao_oficial_ibge
GO,52,2022,7300083,IBGE SIDRA tabela 7358 Projecao da Populacao edicao 2018,projecao_oficial_ibge
GO,52,2023,7388558,IBGE SIDRA tabela 7358 Projecao da Populacao edicao 2018,projecao_oficial_ibge
GO,52,2024,7474621,IBGE SIDRA tabela 7358 Projecao da Populacao edicao 2018,projecao_oficial_ibge
GO,52,2025,7558218,IBGE SIDRA tabela 7358 Projecao da Populacao edicao 2018,projecao_oficial_ibge
GO,52,2026,7639325,IBGE SIDRA tabela 7358 Projecao da Populacao edicao 2018,projecao_oficial_ibge
DF,53,2015,2848633,IBGE SIDRA tabela 7358 Projecao da Populacao edicao 2018,projecao_oficial_ibge
DF,53,2016,2890224,IBGE SIDRA tabela 7358 Projecao da Populacao edicao 2018,projecao_oficial_ibge
DF,53,2017,2931057,IBGE SIDRA tabela 7358 Projecao da Populacao edicao 2018,projecao_oficial_ibge
DF,53,2018,2972209,IBGE SIDRA tabela 7358 Projecao da Populacao edicao 2018,projecao_oficial_ibge
DF,53,2019,3012718,IBGE SIDRA tabela 7358 Projecao da Populacao edicao 2018,projecao_oficial_ibge
DF,53,2020,3052546,IBGE SIDRA tabela 7358 Projecao da Populacao edicao 2018,projecao_oficial_ibge
DF,53,2021,3091667,IBGE SIDRA tabela 7358 Projecao da Populacao edicao 2018,projecao_oficial_ibge
DF,53,2022,3130014,IBGE SIDRA tabela 7358 Projecao da Populacao edicao 2018,projecao_oficial_ibge
DF,53,2023,3167502,IBGE SIDRA tabela 7358 Projecao da Populacao edicao 2018,projecao_oficial_ibge
DF,53,2024,3204070,IBGE SIDRA tabela 7358 Projecao da Populacao edicao 2018,projecao_oficial_ibge
DF,53,2025,3239675,IBGE SIDRA tabela 7358 Projecao da Populacao edicao 2018,projecao_oficial_ibge
DF,53,2026,3274291,IBGE SIDRA tabela 7358 Projecao da Populacao edicao 2018,projecao_oficial_ibge
